"variant_id","item_id","product_name","category","sku","barcode"
"45c6b653-d471-4578-ba8c-dfd704f5f829","97f11603-d2dc-4afa-b674-042022b8b71a","A Thousand Wishes - 2.5 FL EDP","Floral","",""
"6af72b03-910e-41d2-a4ba-f5b9ee61eb7d","7e2bf8db-41e6-4d4d-8c6e-72b8e1f3acab","Acqua Di Gio - Giorgio Armani 0.5 + 2.5 FL Set","Woody","",""
"fa7a533d-d2d4-417e-9324-fd3176ae6650","2f9ad3cd-4f2f-4074-8f0d-18ab5925c551","Al Haramain - L’Aventure Rose 6.76 FL.OZ","Gourmand","",""
"f4f0ba4d-e6ed-4023-be94-3b7211d34705","26b0d00a-6fe7-4429-8320-e4ce9318471f","Armaf - Club De Nuit Intense 6.8 oz EDP SP","Woody","",""
"9eb3929f-d206-45b5-84bc-8bcbe3a9c379","41a8c80e-e3a5-47a9-974c-d5c7ca0a6052","Aurum Privée Edit - BBW- Aromatherapy Bath Soak Lavender & Vanilla","Floral","",""
"e0c407cf-4627-4e1f-a098-ff94681426ef","e950b278-b732-463e-ad38-19f02ea2364f","Aurum Privée Edit - BBW- Aromatherapy Hand Cream 1oz Lavender & Vanilla","Floral","",""
"5f6e9f14-2a64-4253-8c30-3f348b46d9d9","e513553b-e26e-46d1-9912-2cfc57465d33","Aurum Privée Edit - BBW- Aromatherapy Luxe Bath Lavender & Vanilla","Floral","",""
"15ec900c-0ee8-4ad1-a889-90c4bf63b387","269f8c22-92c4-404f-8f5c-98f4c0737ac5","Aurum Privée Edit - BBW- Aromatherapy Stress Relief Lotion Eucalyptus & Spearmint","Floral","",""
"6755009f-2aa4-4002-9990-9ab9a899fa14","1a964d15-cdfc-4df7-8416-dce881fa847f","Aurum Privée Edit - Carolina Herrera- 212 Nyc / EDT Spray 2.7 oz","Gourmand","",""
"9ff5dd84-4442-4044-8ff7-1aa96b9e8589","6d2c6a1a-4255-454c-b882-6d7ef196e97f","Aurum Privée Edit - Carolina Herrera- 212 Nyc Rose EDT Spray 2.7 oz","Gourmand","",""
"3997fba2-4a92-4bea-867d-3ff65517c016","8b9a9b97-f76e-4852-bf6e-06b5e5357c85","Aurum Privée Edit - Fatale Agent Provocateur","Floral","",""
"ab0592d7-7445-42fd-ba19-3d8f096dd883","68e9835b-d7b3-432d-8254-af945363d509","Aurum Privée Edit - Giorgio Armani- Armani  Diamonds  Men 2.5  EDT  SP","Floral","",""
"29199911-9ce6-4602-9551-629013ecee3f","c2c0cc52-3922-4001-adee-42b8b91e8a81","Aurum Privée Edit - Jean Paul Gautlier Le Male Travel Exclusive 1.4oz","Woody","",""
"a4a6507d-0e8b-4a72-b464-ed7e39dc9602","bb07c6f4-b8ae-4431-90cc-7532075ae921","Aurum Privée Edit - Jessica Simpson Body Lotion 3 FL","Floral","",""
"84fd9dcf-267b-4ceb-9ba5-4f52cf883af9","72b71795-39f5-41e3-b996-43920f9a475f","Aurum Privée Edit - Michael Kors Wonderlust Set","Gourmand","",""
"485d7f10-d396-4de1-ad07-9f7b9b4d8dd4","61318c30-f8db-4203-9652-4aa512e7de62","Aurum Privée Edit - Nina Ricci Rose Woman 2.7 Edt Sp","Floral","",""
"593c2f85-7f01-4eb8-b6df-87a6c5ecdd4f","0e0fe679-7df0-4a2b-8144-6efc669a8014","Aurum Privée Edit - Paris Hilton for Men","Gourmand","",""
"0c68ee07-21be-4fbb-86b9-f905ee9d58ef","5bddc003-1531-4f84-b4ca-d83146bc2399","Aurum Privée Edit - Wallflowers- Bergamot Waters","Floral","",""
"7651d65c-8ca0-44e0-8cfb-d4460912624e","5d24e435-de4b-4201-9ba4-f8a002bf597e","Aurum Privée Edit - Wallflowers- Black Cherry Merlot","Floral","",""
"0c3fec7b-a11c-4580-a0fd-50696d516806","b71ebdf5-c117-46c9-8989-d33af6ffff13","Aurum Privée Edit - Wallflowers- Cactus Blossom","Floral","",""
"0145203a-33e0-41f0-9750-82e2490dbba2","07dd1c29-23f8-4d6c-abfa-0c4ad3d6af22","BBW - A Thousand Wishes Body Butter 6.5 oz","Floral","",""
"233e1c82-8f47-4788-82be-7f70f8dc9faf","4d6f955a-f55d-44c7-a15b-aa1972edbcfb","BBW - A Thousand Wishes Body Wash 10 fl oz","Floral","",""
"5b7def0c-97e0-4e6b-8707-d364e48f2c91","b698ba04-34a2-4e95-9a60-5c480918f09f","BBW - Brightest Bloom Body Lotion 8 fl oz","Floral","",""
"2d0bfa6b-b50d-4fb8-927c-fb16efc7b2d9","3fe7b4d9-a611-457f-902a-d9fbdfe0b6a3","BBW - Brightest Bloom Body Wash & Shower Gel 10 fl oz","Floral","",""
"ff29f36f-4917-4c12-95ec-ab30322fc1ba","2f88ca2b-e6f7-47cd-88db-ddfa467ad254","BBW - Brightest Bloom Eau de Toilette & Parfum 3.4 fl oz / 100mL","Floral","",""
"04a03e9f-9dd7-4db5-86be-4957fb1c6b8d","739acff0-c0ba-48d0-956c-5d8325c29da7","BBW - Brightest Bloom Fragrance Spray & Mist 4.9 fl oz","Floral","",""
"f65cc4f5-beed-4c8e-87e1-33b23c136477","ef4e94bb-0f48-496b-8534-69dfabe6477b","BBW - Brightest Bloom Mini Perfume Spray 0.23 fl oz","Floral","",""
"0b39e984-1150-43c4-aa27-ab7d42f36122","b3d5c05f-74d6-48b6-9356-65b38aff4c90","BBW - Brightest Bloom Travel Size Body Cream 2.5 oz","Floral","",""
"82e852be-0380-4335-8d61-54c63e2e58a9","615bd477-b362-4e74-aa83-8c0fe3ab06cd","BBW - Dahlia Body Lotion 8 fl oz","Floral","",""
"2617e175-6726-47e9-bdae-385c1cdcdde7","907b99c0-09bf-47cb-91bb-45c89e259a76","BBW - Diamond of the Season Body Lotion 8 fl oz","Floral","",""
"01b02ca5-1d62-44d1-b24c-6ce4237ff44b","5833870e-77dc-41c3-99c9-5227da8a4a57","BBW - Diamond of the Season Body Wash & Shower Gel 10 fl oz","Floral","",""
"9b87ea12-e27b-4385-ab2f-5bf662577ddd","afe49bf6-f2f8-4f11-ac3d-9b30ca705985","BBW - Into the Night 1.7 fl oz EDP","Floral","",""
"0935e473-76b2-481a-96e9-ee68e27068c8","95403dbb-6ca3-46b8-95d2-8614092cc1b2","BBW - Into the Night Body Spray & Body Mist 2.5 fl oz","Floral","",""
"7a5d4130-9508-4a0d-b266-ece5e2137f24","46983405-afe2-4e7e-9ef4-fd3940a16ee7","BBW - Into the Night Body Spray & Body Mist 8 fl oz","Floral","",""
"0c3fa1f8-66b2-49be-90ad-91608882e326","e49c617a-c27c-40b5-9b4d-0254d395c000","BBW - Into the Night Hand Cream 1 fl oz","Floral","",""
"d16a5d5f-015d-4d61-b245-403dd624b80c","8f77c4ba-20a3-4178-b470-2e93860e58a1","BBW - Into the Night Moisturizing Body Wash 10 fl oz","Floral","",""
"c71ebc9a-5282-492e-b20c-1606891a02ae","2b344c29-0c3a-4712-9763-481ccb640987","BBW - Mahogany Teakwood — Wallflowers Refills 2-pack 0.8 fl oz","Floral","",""
"35504c2a-9f30-42de-8e4e-43a1c5fa2090","8121744b-a0f2-4720-a682-3b98e5fef8e3","BBW - Ocean — Body Wash & Shower Gel — 10 oz /295 mL","Woody","",""
"f9441d21-6639-4bd6-929f-4cca29dbf146","bd9d347e-6d09-4832-9707-c88a9f6557a0","BBW - Pure Wonder — Body Cream 8 oz","Floral","",""
"80c51c58-e703-4151-83c9-7c29c4f7eebb","b3c0d7c6-ac5d-4144-8c3b-80c50b3c3283","BBW - Vanilla Bean Noel Whipped Body Cream 6.5 OZ","Floral","",""
"5a231614-ed85-493a-834b-a3b795660be2","8afe6653-70c5-47c1-afa5-7105c45856f8","Bvlgari - Terrae Essence 3.4 oz EDP Set","Woody","",""
"3dd36975-a330-4fb5-b7f5-5497ab3577dd","5e243488-c219-439f-940d-16aea008d9bd","Carolina Herrera - 212 VIP Black Men 6.7 EDP SP","Woody","",""
"65a79bc5-7d11-4e67-a215-57c59a44c2aa","ea6c9f7f-1c91-4177-874a-ee12e347945e","Carolina Herrera - Bad Boy Le Parfum 3.4 EDP SP","Floral","",""
"c2f9abb3-801a-4e56-a1da-2855611cd2dd","7fd35429-7f99-47dd-bba6-e6129e0f9479","Carven - Leau Intense 3.3 FL","Woody","",""
"1cba4d6c-21e2-479e-b9bc-7d6559fda022","a47278a5-51fe-4c8c-87d4-eef89bb93f40","Chloe - Rose Tangerine 1.7oz EDT SP","Floral","",""
"0eddb2ea-8eee-4f79-a9e1-477c5cc4612d","03a36b63-2e78-49b6-b1af-56f6c44de319","Christian Dior - Dior Eau Sauvage Extreme 3.4 EDT SP","Woody","",""
"44bd7679-84e9-47e7-becd-a030286395ca","a49375e5-2059-4068-8c04-d7113244ad5b","Club de Nuit - Untold 3.6 EDP","Gourmand","",""
"ed2e8621-9385-4b77-aa32-b8ff4d3eb3e1","4a87656a-8ad9-43af-a0cb-73e077d85f1c","Cuba - Cuba Gold — Gift Set","Woody","",""
"407c9781-30c8-4919-9ff1-93af8c62bdef","0935ec63-ac41-41e0-9ee6-fc4046c4cb45","Dolce & Gabanna - Velvet Ginestra 5.0 oz EDP SP","Floral","",""
"7626f58b-503d-4899-9e54-f76dd10cec54","8196aa2b-3dca-45b2-bc3b-4a5bf77c0aeb","Dolce & Gabbana - Dolce Rose 2.5 oz EDT SP","Floral","",""
"758ef2b4-ca7c-41d1-a758-c72426e8f601","b455bb46-6e0a-4e51-84b3-ff8160125344","Dolce & Gabbana - Saffron Fig Leather 3.3 FL","Woody","",""
"fed10f0e-e87f-4eee-b8a3-a5e928f2078d","ba08f89c-b6e9-47fb-bbc4-6ba56f87adde","Dolce & Gabbana - Velvet Sublime 5.0 oz EDP SP","Floral","",""
"5cf657f1-2aa2-4165-8e83-b5e0d0416bcb","10362dfc-b20f-4977-9ef7-d43787bdd970","Forever Elizabeth - 3.3 FL.OZ Elizabeth Taylor","Gourmand","",""
"d014bdcd-5d27-4dc0-b7cf-f62b1d0eff73","ec52c079-4cfb-40e4-8d88-f586a0ae6818","Giorgio Armani - Emporio ""She"" 1.7 EDP SP","Floral","",""
"ed3d0e6c-ff4a-44d4-863b-4c7c09138df6","10ccd346-80b6-4e97-a897-b98f176fa86a","Gucci - Guilty Absolute Pour Femme 1.7 EDP SP","Floral","",""
"b649b67b-1de1-4547-924d-c747e1634bb1","4097de9e-6ef4-4e9e-9244-4bfc51967647","Guerlain - Aqua Allegoria Lys Soleia Woman 2.5 EDT SP","Floral","",""
"52dc466f-a88e-45f5-8f20-4ee327eb31ae","3cb5a1a5-a764-461a-8bea-0a5715a2151d","Hollister - Canyon Escape for Men 3.4 EDT SP","Woody","",""
"c3922b56-744a-4c69-a898-4b62e29d6840","3f994014-98b9-498a-a312-ace479630205","Jessica Simpson - Fancy Love 3.4 FL","Floral","",""
"79a18f7e-fe3f-41d1-9cd5-9ef3495d499c","08ada51e-ba69-4382-9705-f09e10e6c9dc","Kenneth Cole - Blue  EDT Spray 3.4 oz","Woody","",""
"f992bdf0-d35b-4513-be3e-27a6bacab111","21433cec-16f6-4598-a196-c63ad9df9f6d","Liz Claiborne - Curve Chill EDT SP 3.4 oz","Floral","",""
"9f2c588c-5355-4606-90f9-79b99e95cd02","1e70973c-7235-4ad6-a8f5-5710e2554856","Mercedes Benz - Intense 4.0 oz EDT SP","Woody","",""
"9a427299-82b1-466d-9295-eec79156f68d","127abfa7-9018-427b-926c-5dab30ef800f","MONTBLANC - Presence D’une Femme 2.5 FL. OZ","Gourmand","",""
"8596ca5c-369c-4925-a338-c3b25628bf86","3ffa1237-0383-4a58-913e-c270e5c37b7d","Nautica Men’s - Voyage 6.7 FL","Woody","",""
"ee9b7622-790a-4cfe-91aa-4c9a2bfe5413","a643a2a9-69e5-4c33-9732-cf321354b55e","Ocean - Body Wash & Shower Gel — 3 fl oz / 88 mL","Woody","",""
"652905bb-f6ea-4765-b54d-991c32d815a1","463c949d-93eb-460b-a1fe-9459038727b6","Orientica - Oud Saffron 2.8 Edp Sp U","Fresh","",""
"45fc502d-ec9a-4a77-b4fe-0ab760849341","272bd54e-8eb7-49fd-a0fc-e0d3a70a1713","Paco Rabanne - Phantom Parfum EDP","Woody","",""
"875e6072-e57a-435a-ad0c-78dc42b4b7a8","9b5918be-c341-497b-8dda-a2e9d012d4d9","Paco Rabanne - Pour Homme EDT 3.4 OZ","Woody","",""
"8948986a-c939-40bc-b95e-28e3794f77ae","16bf0134-d8d5-4b78-a964-e94f16ca9c93","Prada - Paradoxe 3.3 FL.OZ — Refill","Gourmand","",""
"f2351cd9-f553-4e3d-8382-a17c71114056","fdbea142-0229-4758-87b7-bc6ce6cd4aba","Remy Latour - Cigar Gift Set","Woody","",""
"3195d48c-9e53-4f6e-8e45-8810407012b8","5f920fd0-8750-4f18-b47a-00b404644114","Tiffany & Co - Tiffany & Love 1.7 oz EDP SP","Floral","",""
"f3a25bfc-fc90-4fd6-9d17-f0c75a429134","1c34133c-8c9c-4f3e-869c-876af60f1ef9","Tiffany & Co. - Tiffany & Co. EDP SP 1.7oz","Floral","",""
"c72c7a6e-53f3-4eae-96bf-be97c2a464c3","a6c4a976-5355-46c1-b004-0028728ca979","Versace - Yellow Diamond 1.7 EDT Set","Floral","",""
"e43aa84f-4bb4-4a57-9574-535d7390536c","c5e557fb-231b-4003-bb93-0c1d8d95585b","Viktor & Rolf - Flowerbomb Set — 1.7 & 0.34","Gourmand","",""
"ffaf98e9-eb5c-48c2-818d-b4e805a6471e","41217012-6fe8-4214-b354-e66c5da77eee","Yves Saint Laurent - L’Elixir 2.0 FL","Woody","",""
"7122f7e9-769c-4e5b-9d9d-49472885bcf8","a8a061a7-8899-475f-ab81-9463698fa747","Yves Saint Laurent - La’Nuit De L’Homme Le Parfum","Woody","",""
